{"cameraMode":{"drawMode":0,"name":"Shaded","section":"Shading Mode"},"sceneLighting":true,"audioPlay":false,"sceneViewState":{"m_AlwaysRefresh":false,"showFog":true,"showSkybox":true,"showFlares":true,"showImageEffects":true,"showParticleSystems":true,"showVisualEffectGraphs":true,"m_FxEnabled":true},"in2DMode":false,"pivot":{"x":1.1913466453552247,"y":6.146668434143066,"z":-18.897947311401368},"rotation":{"x":0.2991856634616852,"y":0.018605679273605348,"z":-0.005834740120917559,"w":0.9539971947669983},"size":8.803733825683594,"orthographic":false}